{
  "easy": {
    "sessions": 106,
    "cder": {
      "external": 1.0,
      "internal": 0.9905660377358491,
      "overall": 0.9905660377358491
    },
    "idss": {
      "average": 0.3847061684522147,
      "relevant_history": 0.5164264610122664,
      "core_beliefs": 0.2315984222878432,
      "intermediate_beliefs": 0.35619640833748833,
      "coping_strategies": 0.4346033821712609
    }
  },
  "normal": {
    "sessions": 106,
    "cder": {
      "external": 0.6981132075471698,
      "internal": 0.9716981132075472,
      "overall": 0.6886792452830188
    },
    "idss": {
      "average": 0.3789226263965823,
      "relevant_history": 0.5195971321475057,
      "core_beliefs": 0.2237259499800694,
      "intermediate_beliefs": 0.3455460341534442,
      "coping_strategies": 0.42682138930531
    }
  },
  "hard": {
    "sessions": 106,
    "cder": {
      "external": 0.03773584905660377,
      "internal": 0.8490566037735849,
      "overall": 0.02830188679245283
    },
    "idss": {
      "average": 0.37756707750732743,
      "relevant_history": 0.5112967139832332,
      "core_beliefs": 0.22835166767832799,
      "intermediate_beliefs": 0.33651911722982564,
      "coping_strategies": 0.4341008111379229
    }
  }
}