{
  "by_approach": {
    "baseline": {
      "easy": {
        "sessions": 10,
        "edss_average": 0.5086204724501181,
        "idss_average": 0.5760654810162724,
        "combined_average": 0.5423429767331953
      },
      "normal": {
        "sessions": 10,
        "edss_average": 0.5168342504871102,
        "idss_average": 0.5751423187959377,
        "combined_average": 0.5459882846415239
      },
      "hard": {
        "sessions": 10,
        "edss_average": 0.5368316029831731,
        "idss_average": 0.5607683217700823,
        "combined_average": 0.5487999623766278
      },
      "overall": {
        "sessions": 30,
        "edss_average": 0.5207621086401338,
        "idss_average": 0.5706587071940974,
        "combined_average": 0.5457104079171156
      }
    },
    "retrieval": {
      "easy": {
        "sessions": 10,
        "edss_average": 0.545753879981761,
        "idss_average": 0.5673907873632311,
        "combined_average": 0.556572333672496
      },
      "normal": {
        "sessions": 10,
        "edss_average": 0.5167081050701148,
        "idss_average": 0.5526839752142344,
        "combined_average": 0.5346960401421745
      },
      "hard": {
        "sessions": 10,
        "edss_average": 0.4892901299882821,
        "idss_average": 0.5250578488483894,
        "combined_average": 0.5071739894183357
      },
      "overall": {
        "sessions": 30,
        "edss_average": 0.517250705013386,
        "idss_average": 0.5483775371419517,
        "combined_average": 0.5328141210776689
      }
    },
    "hybrid_probe": {
      "easy": {
        "sessions": 10,
        "edss_average": 0.4487443993402879,
        "idss_average": 0.5515301364743899,
        "combined_average": 0.5001372679073389
      },
      "normal": {
        "sessions": 10,
        "edss_average": 0.47199389413311726,
        "idss_average": 0.5745603354737656,
        "combined_average": 0.5232771148034414
      },
      "hard": {
        "sessions": 10,
        "edss_average": 0.4331328751905915,
        "idss_average": 0.5476157720521265,
        "combined_average": 0.490374323621359
      },
      "overall": {
        "sessions": 30,
        "edss_average": 0.45129038955466555,
        "idss_average": 0.5579020813334273,
        "combined_average": 0.5045962354440464
      }
    }
  },
  "by_difficulty": {
    "easy": {
      "baseline": {
        "sessions": 10,
        "edss_average": 0.5086204724501181,
        "idss_average": 0.5760654810162724,
        "combined_average": 0.5423429767331953
      },
      "retrieval": {
        "sessions": 10,
        "edss_average": 0.545753879981761,
        "idss_average": 0.5673907873632311,
        "combined_average": 0.556572333672496
      },
      "hybrid_probe": {
        "sessions": 10,
        "edss_average": 0.4487443993402879,
        "idss_average": 0.5515301364743899,
        "combined_average": 0.5001372679073389
      }
    },
    "normal": {
      "baseline": {
        "sessions": 10,
        "edss_average": 0.5168342504871102,
        "idss_average": 0.5751423187959377,
        "combined_average": 0.5459882846415239
      },
      "retrieval": {
        "sessions": 10,
        "edss_average": 0.5167081050701148,
        "idss_average": 0.5526839752142344,
        "combined_average": 0.5346960401421745
      },
      "hybrid_probe": {
        "sessions": 10,
        "edss_average": 0.47199389413311726,
        "idss_average": 0.5745603354737656,
        "combined_average": 0.5232771148034414
      }
    },
    "hard": {
      "baseline": {
        "sessions": 10,
        "edss_average": 0.5368316029831731,
        "idss_average": 0.5607683217700823,
        "combined_average": 0.5487999623766278
      },
      "retrieval": {
        "sessions": 10,
        "edss_average": 0.4892901299882821,
        "idss_average": 0.5250578488483894,
        "combined_average": 0.5071739894183357
      },
      "hybrid_probe": {
        "sessions": 10,
        "edss_average": 0.4331328751905915,
        "idss_average": 0.5476157720521265,
        "combined_average": 0.490374323621359
      }
    }
  },
  "overall_ranking": [
    {
      "approach": "baseline",
      "sessions": 30,
      "edss_average": 0.5207621086401338,
      "idss_average": 0.5706587071940974,
      "combined_average": 0.5457104079171156
    },
    {
      "approach": "retrieval",
      "sessions": 30,
      "edss_average": 0.517250705013386,
      "idss_average": 0.5483775371419517,
      "combined_average": 0.5328141210776689
    },
    {
      "approach": "hybrid_probe",
      "sessions": 30,
      "edss_average": 0.45129038955466555,
      "idss_average": 0.5579020813334273,
      "combined_average": 0.5045962354440464
    }
  ]
}